<list>
  <CompomentBean>
    <rgb16>#FB6F2C</rgb16>
    <rgb16ios>#FB6F2C</rgb16ios>
    <bgRgb16>#FB6F2C</bgRgb16>
    <bgRgb16ios>#FB6F2C</bgRgb16ios>
    <r>0.0</r>
    <g>0.0</g>
    <b>0.0</b>
    <x>11</x>
    <y>8</y>
    <w>277</w>
    <h>437</h>
    <jumpToWhichPage>myCanAddPackage</jumpToWhichPage>
    <cnname>bg1469455024389</cnname>
    <enname>bg1469455024389LinearLayout</enname>
    <textSize>16</textSize>
    <isImgCache>false</isImgCache>
    <isPublicCompoment>false</isPublicCompoment>
    <isRunTimeAddScrollView>false</isRunTimeAddScrollView>
    <isRunTimeHeightTextview>false</isRunTimeHeightTextview>
    <isFilletedCorner>false</isFilletedCorner>
    <isNineListCheck>false</isNineListCheck>
    <isMutiPageListCheck>false</isMutiPageListCheck>
    <id>jJB-6n-bcf</id>
    <isSameGroupWihtBeforCompoment>false</isSameGroupWihtBeforCompoment>
    <type>LinearLayout</type>
    <orientation></orientation>
    <gravity></gravity>
    <relative></relative>
    <relativeForWeb></relativeForWeb>
    <compomentForWeb></compomentForWeb>
    <picName>图片名</picName>
    <time>1469455029216</time>
    <layoutNoUseForIos>false</layoutNoUseForIos>
  </CompomentBean>
  <CompomentBean>
    <rgb16>#242424</rgb16>
    <rgb16ios>#242424</rgb16ios>
    <bgRgb16>背景颜色</bgRgb16>
    <bgRgb16ios>背景颜色</bgRgb16ios>
    <r>0.0</r>
    <g>0.0</g>
    <b>0.0</b>
    <x>56</x>
    <y>153</y>
    <w>57</w>
    <h>14</h>
    <jumpToWhichPage>myCanAddPackage</jumpToWhichPage>
    <cnname>a</cnname>
    <enname>aButton</enname>
    <textSize>16</textSize>
    <isImgCache>false</isImgCache>
    <isPublicCompoment>false</isPublicCompoment>
    <isRunTimeAddScrollView>false</isRunTimeAddScrollView>
    <isRunTimeHeightTextview>false</isRunTimeHeightTextview>
    <isFilletedCorner>false</isFilletedCorner>
    <isNineListCheck>false</isNineListCheck>
    <isMutiPageListCheck>false</isMutiPageListCheck>
    <id>98t-RT-nVm</id>
    <isSameGroupWihtBeforCompoment>false</isSameGroupWihtBeforCompoment>
    <type>Button</type>
    <orientation></orientation>
    <gravity></gravity>
    <relative></relative>
    <relativeForWeb></relativeForWeb>
    <compomentForWeb></compomentForWeb>
    <picName>图片名</picName>
    <time>1469455043093</time>
    <layoutNoUseForIos>false</layoutNoUseForIos>
  </CompomentBean>
</list>